{"stats":{"minecraft:custom":{"minecraft:jump":85,"minecraft:time_since_rest":3107,"minecraft:leave_game":1,"minecraft:walk_on_water_one_cm":1162,"minecraft:sprint_one_cm":15082,"minecraft:play_time":5495,"minecraft:deaths":1,"minecraft:time_since_death":3502,"minecraft:walk_one_cm":4504,"minecraft:total_world_time":5495,"minecraft:fall_one_cm":2115,"minecraft:fly_one_cm":18715},"minecraft:used":{"minecraft:sand":1},"minecraft:mined":{"minecraft:oak_log":5,"minecraft:sand":2},"minecraft:picked_up":{"minecraft:oak_log":5,"minecraft:sand":1}},"DataVersion":3120}