{
	"level_seeds": [
		{
			"dim": "deeperdarker:otherside",
			"seed": 8353379401396757799
		},
		{
			"dim": "minecraft:overworld",
			"seed": 8353379401396757799
		},
		{
			"dim": "minecraft:the_end",
			"seed": 8353379401396757799
		},
		{
			"dim": "minecraft:the_nether",
			"seed": 8353379401396757799
		},
		{
			"dim": "mahoutsukai:reality_marble",
			"seed": 8353379401396757799
		}
	],
	"structure_seeds": [
		{
			"dim": "deeperdarker:otherside",
			"seed": 8353379401396757799
		},
		{
			"dim": "minecraft:overworld",
			"seed": 8353379401396757799
		},
		{
			"dim": "minecraft:the_end",
			"seed": 8353379401396757799
		},
		{
			"dim": "minecraft:the_nether",
			"seed": 8353379401396757799
		},
		{
			"dim": "mahoutsukai:reality_marble",
			"seed": 8353379401396757799
		}
	]
}